district,state,homepage
Fillmore,MN,http://www.co.fillmore.mn.us
Fridley,MN,https://www.ci.fridley.mn.us/
Woodbury,MN,http://www.ci.woodbury.mn.us/
Hennepin,MN,http://www.hennepin.us
Kanabec,MN,http://www.kanabeccounty.org
Steele,MN,http://www.co.steele.mn.us
Blaine,MN,http://www.ci.blaine.mn.us/
Coon Rapids,MN,https://www.coonrapidsmn.gov/
Waconia Public Schools (ISD #110),MN,https://www.isd110.org/
Winona Independent School District (ISD #861),MN,https://www.winonaschools.org/
St. Anthony-New Brighton School District (ISD #282),MN,https://www.isd282.org/
Kandiyohi,MN,http://www.co.kandiyohi.mn.us
Bemidji Area Schools (ISD #31),MN,https://www.bemidji.k12.mn.us/
Becker,MN,http://www.co.becker.mn.us
St. Cloud,MN,http://www.ci.stcloud.mn.us/
Big Stone,MN,https://bigstonecounty.gov
Austin,MN,http://www.ci.austin.mn.us/
Freeborn,MN,http://www.co.freeborn.mn.us
Nicollet,MN,http://www.co.nicollet.mn.us
Rosemount-Apple Valley-Eagan School District (ISD #196),MN,http://www.district196.org/
Shakopee School District (ISD #720),MN,http://www.ci.shakopee.mn.us/
Washington,MN,http://www.co.washington.mn.us
American Samoa,MN,https://www.doe.as/
Chaska,MN,http://mn-chaska.civicplus.com
Legislature,MN,https://www.leg.state.mn.us/
Hubbard,MN,http://www.co.hubbard.mn.us
Pipestone Area School District (ISD #2689),MN,https://www.pas.k12.mn.us/
Savage,MN,http://www.cityofsavage.com
Chanhassen,MN,http://www.ci.chanhassen.mn.us/
Hopkins Public Schools (ISD #270),MN,https://www.hopkinsschools.org/
Martin,MN,http://www.co.martin.mn.us
Osseo School District (ISD #279),MN,https://www.district279.org/
SouthWest Metro Intermediate District#288,MN,https://www.swmetro.k12.mn.us/
Rochester,MN,https://rochestermn.gov
Olmsted,MN,http://www.co.olmsted.mn.us
Roseville Area Schools (ISD #623),MN,https://www.isd623.org/
White Bear Lake Area School District (ISD #624),MN,http://www.isd624.org/
Redwood,MN,http://www.co.redwood.mn.us
Rosemount,MN,http://www.ci.rosemount.mn.us/
Lakeville Independent School District 194,MN,http://www.isd194.k12.mn.us/
